{
    "p03": {
        "r000": {
            "V05612A": 0.0006844626967829868,
            "V07647A": 0.0006844626967829248,
            "V07647B": 0.0006844626967830008,
            "V00074A": 0.0006844626967828908,
            "V04549A": 0.0006844626967829922,
            "V07302B": 0.0006844626967828692,
            "V05261A": 0.0006844626967828727,
            "V05268A": 0.000684462696782936,
            "V07302A": 0.0006844626967828761,
            "P00909B": 0.0006844626967828907,
            "V05267A": 0.0006844626967828665,
            "V05612B": 0.0006844626967830373
        },
        "r001": {
            "V05612A": 0.0006844626967830691,
            "V07647A": 0.0006844626967832072,
            "V07647B": 0.0006844626967829762,
            "V00074A": 0.0006844626967830867,
            "V04549A": 0.0006844626967830238,
            "V07302B": 0.0006844626967831273,
            "V05261A": 0.0006844626967831193,
            "V05268A": 0.0006844626967829193,
            "V07302A": 0.0006844626967831664,
            "P00909B": 0.0006844626967830002,
            "V05267A": 0.000684462696782952,
            "V05612B": 0.0006844626967829623
        },
        "r002": {
            "V05612A": 0.0006844626967829192,
            "V07647A": 0.0006844626967829867,
            "V07647B": 0.0006844626967831528,
            "V00074A": 0.0006844626967829917,
            "V04549A": 0.0006844626967829769,
            "V07302B": 0.0006844626967829989,
            "V05261A": 0.0006844626967829981,
            "V05268A": 0.0006844626967830398,
            "V07302A": 0.0006844626967828744,
            "P00909B": 0.0006844626967830491,
            "V05267A": 0.0006844626967830447,
            "V05612B": 0.0006844626967829995
        },
        "r003": {
            "V05612A": 0.0006844626967830486,
            "V07647A": 0.0006844626967830457,
            "V07647B": 0.0006844626967830551,
            "V00074A": 0.0006844626967830891,
            "V04549A": 0.0006844626967831216,
            "V07302B": 0.0006844626967831747,
            "V05261A": 0.0006844626967830465,
            "V05268A": 0.0006844626967828936,
            "V07302A": 0.0006844626967829529,
            "P00909B": 0.0006844626967831297,
            "V05267A": 0.0006844626967830559,
            "V05612B": 0.0006844626967830287
        },
        "r004": {
            "V05612A": 0.0006844626967830866,
            "V07647A": 0.0006844626967830171,
            "V07647B": 0.0006844626967830318,
            "V00074A": 0.0006844626967829552,
            "V04549A": 0.000684462696782992,
            "V07302B": 0.0006844626967829435,
            "V05261A": 0.000684462696783064,
            "V05268A": 0.0006844626967829171,
            "V07302A": 0.0006844626967829873,
            "P00909B": 0.00068446269678295,
            "V05267A": 0.0006844626967829525,
            "V05612B": 0.0006844626967829536
        },
        "r005": {
            "V05612A": 0.0006844626967830254,
            "V07647A": 0.0006844626967829121,
            "V07647B": 0.0006844626967829384,
            "V00074A": 0.0006844626967829722,
            "V04549A": 0.0006844626967829165,
            "V07302B": 0.000684462696782957,
            "V05261A": 0.0006844626967830236,
            "V05268A": 0.0006844626967829829,
            "V07302A": 0.0006844626967830081,
            "P00909B": 0.0006844626967830093,
            "V05267A": 0.0006844626967829561,
            "V05612B": 0.0006844626967829866
        }
    },
    "p04": {
        "r000": {
            "V05612A": 0.0006844626967829049,
            "V07647A": 0.0006844626967828642,
            "V07647B": 0.0006844626967829352,
            "V00074A": 0.0006844626967829929,
            "V04549A": 0.0006844626967829483,
            "V07302B": 0.0006844626967829184,
            "V05261A": 0.0006844626967828822,
            "V05268A": 0.0006844626967830377,
            "V07302A": 0.0006844626967829019,
            "P00909B": 0.0006844626967828825,
            "V05267A": 0.0006844626967828562,
            "V05612B": 0.0006844626967829174
        },
        "r001": {
            "V05612A": 0.0006844626967830478,
            "V07647A": 0.0006844626967831232,
            "V07647B": 0.0006844626967831436,
            "V00074A": 0.0006844626967830491,
            "V04549A": 0.0006844626967831669,
            "V07302B": 0.0006844626967830905,
            "V05261A": 0.0006844626967830325,
            "V05268A": 0.0006844626967830227,
            "V07302A": 0.0006844626967831659,
            "P00909B": 0.000684462696783068,
            "V05267A": 0.0006844626967832439,
            "V05612B": 0.000684462696783285
        },
        "r002": {
            "V05612A": 0.0006844626967828672,
            "V07647A": 0.0006844626967828384,
            "V07647B": 0.0006844626967830311,
            "V00074A": 0.0006844626967828539,
            "V04549A": 0.000684462696782754,
            "V07302B": 0.0006844626967829159,
            "V05261A": 0.0006844626967829876,
            "V05268A": 0.0006844626967828697,
            "V07302A": 0.0006844626967828295,
            "P00909B": 0.0006844626967828693,
            "V05267A": 0.0006844626967829017,
            "V05612B": 0.0006844626967827645
        },
        "r003": {
            "V05612A": 0.0006844626967831452,
            "V07647A": 0.0006844626967831413,
            "V07647B": 0.0006844626967832021,
            "V00074A": 0.0006844626967832132,
            "V04549A": 0.0006844626967832136,
            "V07302B": 0.0006844626967830136,
            "V05261A": 0.0006844626967831501,
            "V05268A": 0.0006844626967830929,
            "V07302A": 0.0006844626967831991,
            "P00909B": 0.0006844626967830826,
            "V05267A": 0.000684462696783024,
            "V05612B": 0.0006844626967831186
        }
    },
    "p06": {
        "r000": {
            "V05612A": 0.0006844626967828767,
            "V07647A": 0.0006844626967829352,
            "V07647B": 0.0006844626967827954,
            "V00074A": 0.0006844626967829227,
            "V04549A": 0.0006844626967828227,
            "V07302B": 0.000684462696782797,
            "V05261A": 0.0006844626967827377,
            "V05268A": 0.0006844626967829476,
            "V07302A": 0.0006844626967828465,
            "P00909B": 0.0006844626967829845,
            "B00091B": 0.0006844626967828217,
            "V01389A": 0.0006844626967829378,
            "V05267A": 0.000684462696782925,
            "V05612B": 0.0006844626967827774,
            "P00748A": 0.0006844626967828529
        },
        "r001": {
            "V05612A": 0.0006844626967830173,
            "V07647A": 0.0006844626967830806,
            "V07647B": 0.0006844626967829916,
            "V00074A": 0.0006844626967828993,
            "V04549A": 0.0006844626967828142,
            "V07302B": 0.0006844626967829591,
            "V05261A": 0.0006844626967829301,
            "V05268A": 0.0006844626967829552,
            "V07302A": 0.0006844626967829787,
            "P00909B": 0.0006844626967829767,
            "B00091B": 0.000684462696783026,
            "V01389A": 0.0006844626967829775,
            "V05267A": 0.0006844626967828978,
            "V05612B": 0.0006844626967828246,
            "P00748A": 0.0006844626967828551
        },
        "r002": {
            "V05612A": 0.0006844626967831033,
            "V07647A": 0.0006844626967830478,
            "V07647B": 0.0006844626967830313,
            "V00074A": 0.0006844626967830178,
            "V04549A": 0.0006844626967829096,
            "V07302B": 0.0006844626967830195,
            "V05261A": 0.000684462696783028,
            "V05268A": 0.0006844626967830318,
            "V07302A": 0.0006844626967829509,
            "P00909B": 0.0006844626967829626,
            "B00091B": 0.0006844626967830552,
            "V01389A": 0.000684462696783046,
            "V05267A": 0.0006844626967830125,
            "V05612B": 0.0006844626967831187,
            "P00748A": 0.000684462696783088
        },