{
  "p03": {
    "r000": {
      "V05612A": 0.03094885986260045,
      "V07647A": 0.026617988059928512,
      "V07647B": 0.02501500304205643,
      "V00074A": 0.02914901703551601,
      "V04549A": 0.027321051664258373,
      "V07302B": 0.022385545161862756,
      "V05261A": 0.02526810593961518,
      "V05268A": 0.03231280325500038,
      "V07302A": 0.025352473572134764,
      "P00909B": 0.011601955598651357,
      "V05267A": 0.0306957569650417,
      "V05612B": 0.029416181205161356
    },
    "r001": {
      "V05612A": 0.03841302126904454,
      "V07647A": 0.03303764164575253,
      "V07647B": 0.031048053083884707,
      "V00074A": 0.03617909726975435,
      "V04549A": 0.03391026820797526,
      "V07302B": 0.0277844297411717,
      "V05261A": 0.03136219864628489,
      "V05268A": 0.04010591679975664,
      "V07302A": 0.031466913833751615,
      "P00909B": 0.01440008352979948,
      "V05267A": 0.03809887570664436,
      "V05612B": 0.036510695363398994
    },
    "r002": {
      "V05612A": 0.038685028646031384,
      "V07647A": 0.033271585291657156,
      "V07647B": 0.031267908205947215,
      "V00074A": 0.03643528595330443,
      "V04549A": 0.034150391031003625,
      "V07302B": 0.02798117474079144,
      "V05261A": 0.031584278272111944,
      "V05268A": 0.040389911780363524,
      "V07302A": 0.03168973496083352,
      "P00909B": 0.014502052310695363,
      "V05267A": 0.03836865857986665,
      "V05612B": 0.03676923213425609
    },
    "r003": {
      "V05612A": 0.031130198113925013,
      "V07647A": 0.0267739504905316,
      "V07647B": 0.025161573123431438,
      "V00074A": 0.02931980949121606,
      "V04549A": 0.02748113354627728,
      "V07302B": 0.02251670849494258,
      "V05261A": 0.025416159023499883,
      "V05268A": 0.03250213324207164,
      "V07302A": 0.025501020990189367,
      "P00909B": 0.011669934785915279,
      "V05267A": 0.030875612213856565,
      "V05612B": 0.029588539052399422
    },
    "r004": {
      "V05612A": 0.03229494765127893,
      "V07647A": 0.027775709179405278,
      "V07647B": 0.02610300403072477,
      "V00074A": 0.030416822572058713,
      "V04549A": 0.028509351788475676,
      "V07302B": 0.02335918067280148,
      "V05261A": 0.02636711536999011,
      "V05268A": 0.03371821431287551,
      "V07302A": 0.02645515248307856,
      "P00909B": 0.012106570334879713,
      "V05267A": 0.03203083631201359,
      "V05612B": 0.030695606763505464
    },
    "r005": {
      "V05612A": 0.004056397191167896,
      "V07647A": 0.003488759601490608,
      "V07647B": 0.0032786599741425203,
      "V00074A": 0.003820495855198114,
      "V04549A": 0.003580908560853804,
      "V07302B": 0.002934022866124167,
      "V05261A": 0.0033118335995132708,
      "V05268A": 0.004235166172332497,
      "V07302A": 0.0033228914746368543,
      "P00909B": 0.0015206421274114635,
      "V05267A": 0.0040232235657971455,
      "V05612B": 0.0038555124597561287
    }
  },
  "p04": {
    "r000": {
      "V05612A": 0.03790806398458692,
      "V07647A": 0.03260334626207317,
      "V07647B": 0.030639911780363526,
      "V00074A": 0.03570350597003574,
      "V04549A": 0.03346450173650722,
      "V07302B": 0.027419190305980178,
      "V05261A": 0.030949927751159786,
      "V05268A": 0.039578705604988974,
      "V07302A": 0.031053266408091872,
      "P00909B": 0.014210787639110708,
      "V05267A": 0.03759804801379066,
      "V05612B": 0.03603074505032069
    },
    "r001": {
      "V05612A": 0.01658826526732071,
      "V07647A": 0.014266963267168606,
      "V07647B": 0.013407780059320099,
      "V00074A": 0.01562356833219256,
      "V04549A": 0.014643798007453038,
      "V07302B": 0.011998418130656325,
      "V05261A": 0.013543440565822495,
      "V05268A": 0.017319324663472507,
      "V07302A": 0.013588660734656626,
      "P00909B": 0.0062185268841737015,
      "V05267A": 0.01645260476081831,
      "V05612B": 0.015766765533500645
    },
    "r002": {
      "V05612A": 0.03924299249626081,
      "V07647A": 0.033751469693512816,
      "V07647B": 0.03171889307171648,
      "V00074A": 0.03696080120161229,
      "V04549A": 0.034642950667984895,
      "V07302B": 0.028384754227190917,
      "V05261A": 0.03203982622252643,
      "V05268A": 0.04097246558673664,
      "V07302A": 0.03214680393946308,
      "P00909B": 0.014711219040738207,
      "V05267A": 0.03892205934545086,
      "V05612B": 0.037299563971911684
    },
    "r003": {
      "V05612A": 0.010676638274139985,
      "V07647A": 0.009182588029507947,
      "V07647B": 0.00862959540649479,
      "V00074A": 0.010055734276370826,
      "V04549A": 0.009425128653636525,
      "V07302B": 0.007722493472253911,
      "V05261A": 0.008716910031181078,
      "V05268A": 0.011147167084949425,
      "V07302A": 0.008746014906076507,
      "P00909B": 0.004002405379369788,
      "V05267A": 0.010589323649453697,
      "V05612B": 0.010147899713539686
    }
  },
  "p06": {
    "r000": {
      "V05612A": 0.04413075582427055,
      "V07647A": 0.03795525705376835,
      "V07647B": 0.0356695204958552,
      "V00074A": 0.04156431477678911,
      "V04549A": 0.03895777308794079,
      "V07302B": 0.0319201105280503,
      "V05261A": 0.03603042626815728,
      "V05268A": 0.046075636930565066,
      "V07302A": 0.036150728192257967,
      "P00909B": 0.016543519595913506,
      "B00091B": 0.013032708444241642,
      "V01389A": 0.04196732622252643,
      "V05267A": 0.04376985005196846,
      "V05612B": 0.04194527086977464,
      "P00748A": 0.020092426356883922
    },
    "r001": {
      "V05612A": 0.04102150226886709,
      "V07647A": 0.035281101224427715,
      "V07647B": 0.033156407331356,
      "V00074A": 0.03863588105559358,
      "V04549A": 0.03621298451086268,
      "V07302B": 0.029671163840089238,
      "V05261A": 0.033491885314472586,
      "V05268A": 0.04282935584455092,
      "V07302A": 0.03360371130884478,
      "P00909B": 0.015377937992749767,
      "B00091B": 0.012114482723654525,
      "V01389A": 0.039010498136740436,
      "V05267A": 0.0406860242857505,
      "V05612B": 0.038989996704438874,
      "P00748A": 0.018676804826729537
    },
    "r002": {
      "V05612A": 0.03712133495576343,
      "V07647A": 0.03192670925545669,
      "V07647B": 0.03000402311962887,
      "V00074A": 0.03496252946992167,
      "V04549A": 0.03276999264836363,
      "V07302B": 0.02685014323015692,
      "V05261A": 0.030307605141075368,
      "V05268A": 0.038757304738002894,
      "V07302A": 0.0304087991482242,
      "P00909B": 0.0139158625497503,
      "B00091B": 0.0109626841077902,
      "V01389A": 0.035301529393870254,
      "V05267A": 0.03681775293431693,
      "V05612B": 0.035282977159226306,
      "P00748A": 0.01690108576064086
    },
    "r003": {
      "V05612A": 0.03804894985676984,
      "V07647A": 0.032724517073541716,
      "V07647B": 0.030753785458970263,
      "V00074A": 0.03583619857023348,
      "V04549A": 0.03358887304484498,
      "V07302B": 0.027521094126296042,
      "V05261A": 0.03106495360863944,
      "V05268A": 0.039725800441098184,
      "V07302A": 0.03116867632519583,
      "P00909B": 0.014263602238446523,
      "B00091B": 0.01123662762694248,
      "V01389A": 0.03618366967069739,
      "V05267A": 0.03773778170710066,
      "V05612B": 0.03616465383932872,
      "P00748A": 0.01732342237686009
    },
    "r004": {
      "V05612A": 0.04134512130200015,
      "V07647A": 0.03555943417750399,
      "V07647B": 0.03341797855350217,
      "V00074A": 0.038940679899612134,
      "V04549A": 0.03649866910031181,
      "V07302B": 0.02990523994220093,
      "V05261A": 0.03375610312571298,
      "V05268A": 0.04316723705224732,
      "V07302A": 0.03386881131644992,
      "P00909B": 0.015499254696174615,
      "B00091B": 0.012210053996501635,
      "V01389A": 0.03931825233858088,
      "V05267A": 0.04100699672978934,
      "V05612B": 0.03929758917027911,
      "P00748A": 0.01882414632291429
    },
    "r005": {
      "V05612A": 0.03997950477856364,
      "V07647A": 0.03438491710396228,
      "V07647B": 0.0323141930945319,