{
  "All": {
    "raw": {
      "583M2cat1_over_583M2all_e1": {
        "energy1": 583,
        "energy2": 583,
        "isotope1": "Tl208_583",
        "isotope2": "Tl208_583",
        "int_den": 1.6703023525700176,
        "int_num": 63.27782694233778,
        "num_div_den": 0.01531494512083403,
        "q16": 0.027172775019059132,
        "q84": 0.14173996313815224,
        "q90": 0.16781380032524104,
        "compatible_w_zero": true,
        "mode_to_q16": -0.011857829898225102,
        "mode_to_q84": 0.1264250180173182
      },
      "583M2cat2_over_583M2all_e1": {
        "energy1": 583,
        "energy2": 583,
        "isotope1": "Tl208_583",
        "isotope2": "Tl208_583",
        "int_den": 3.410242095719579,
        "int_num": 63.27782694233778,
        "num_div_den": 0.04802233103944387,
        "q16": 0.027737838016926558,
        "q84": 0.09986271744275065,
        "q90": 0.11538690306905584,
        "compatible_w_zero": false,
        "mode_to_q16": 0.020284493022517315,
        "mode_to_q84": 0.05184038640330677
      },
      "583M2cat3_over_583M2all_e1": {
        "energy1": 583,
        "energy2": 583,
        "isotope1": "Tl208_583",
        "isotope2": "Tl208_583",
        "int_den": 58.19728249404819,
        "int_num": 63.27782694233778,
        "num_div_den": 0.7974486790415407,
        "q16": 0.6808587730227826,
        "q84": 1.0680265183059288,
        "q90": 1.1403777883584796,
        "compatible_w_zero": false,
        "mode_to_q16": 0.11658990601875807,
        "mode_to_q84": 0.27057783926438805
      },
      "583M2cat1_over_583M2all_e2": {
        "energy1": 583,
        "energy2": 583,
        "isotope1": "Tl208_583",
        "isotope2": "Tl208_583",
        "int_den": 12.598341752074674,
        "int_num": 37.43303776479641,
        "num_div_den": 0.2927652990617268,
        "q16": 0.22558407215258422,
        "q84": 0.5146121127409715,
        "q90": 0.5757159812632289,
        "compatible_w_zero": false,
        "mode_to_q16": 0.0671812269091426,
        "mode_to_q84": 0.2218468136792447
      },
      "583M2cat2_over_583M2all_e2": {
        "energy1": 583,
        "energy2": 583,
        "isotope1": "Tl208_583",
        "isotope2": "Tl208_583",
        "int_den": 0.7421292365559551,
        "int_num": 37.43303776479641,
        "num_div_den": 0.016068585031781144,
        "q16": 0.014975547083986091,
        "q84": 0.07986505524490323,
        "q90": 0.09639147938841526,
        "compatible_w_zero": false,
        "mode_to_q16": 0.0010930379477950523,
        "mode_to_q84": 0.06379647021312208
      },
      "583M2cat3_over_583M2all_e2": {
        "energy1": 583,
        "energy2": 583,
        "isotope1": "Tl208_583",
        "isotope2": "Tl208_583",
        "int_den": 24.09256677616578,
        "int_num": 37.43303776479641,
        "num_div_den": 0.5508520769252264,
        "q16": 0.42194204012819264,
        "q84": 0.8265763352212944,
        "q90": 0.9086395211359795,
        "compatible_w_zero": false,
        "mode_to_q16": 0.12891003679703378,
        "mode_to_q84": 0.27572425829606795
      },
      "609M2cat1_over_609M2all_e1": {
        "energy1": 609,
        "energy2": 609,
        "isotope1": "Bi214_609",
        "isotope2": "Bi214_609",
        "int_den": 19.661637559899276,
        "int_num": 76.8343747524618,
        "num_div_den": 0.24286480191534549,
        "q16": 0.17076790996960478,
        "q84": 0.3576612224832792,
        "q90": 0.3918823340049711,
        "compatible_w_zero": false,
        "mode_to_q16": 0.0720968919457407,
        "mode_to_q84": 0.11479642056793371
      },
      "609M2cat2_over_609M2all_e1": {
        "energy1": 609,
        "energy2": 609,
        "isotope1": "Bi214_609",
        "isotope2": "Bi214_609",
        "int_den": 6.816995826109084,
        "int_num": 76.8343747524618,
        "num_div_den": 0.07532952439014659,
        "q16": 0.05575359173607584,
        "q84": 0.1380352033047843,
        "q90": 0.1537082001614728,
        "compatible_w_zero": false,
        "mode_to_q16": 0.019575932654070753,
        "mode_to_q84": 0.06270567891463771
      },
      "609M2cat3_over_609M2all_e1": {
        "energy1": 609,
        "energy2": 609,
        "isotope1": "Bi214_609",
        "isotope2": "Bi214_609",
        "int_den": 50.35574136645343,
        "int_num": 76.8343747524618,
        "num_div_den": 0.5846795420831442,
        "q16": 0.5135167553003883,
        "q84": 0.807029413087653,
        "q90": 0.860899247943093,
        "compatible_w_zero": false,
        "mode_to_q16": 0.0711627867827559,
        "mode_to_q84": 0.22234987100450876
      },
      "609M2cat1_over_609M2all_e2": {
        "energy1": 609,
        "energy2": 609,
        "isotope1": "Bi214_609",
        "isotope2": "Bi214_609",
        "int_den": 6.328738870179389,
        "int_num": 26.382498371269104,
        "num_div_den": 0.1802845989730303,
        "q16": 0.11664201266542515,
        "q84": 0.4013260565290425,
        "q90": 0.46317473301562295,
        "compatible_w_zero": false,
        "mode_to_q16": 0.06364258630760516,
        "mode_to_q84": 0.2210414575560122
      },
      "609M2cat2_over_609M2all_e2": {
        "energy1": 609,
        "energy2": 609,
        "isotope1": "Bi214_609",
        "isotope2": "Bi214_609",
        "int_den": 1.885676877314432,
        "int_num": 26.382498371269104,
        "num_div_den": 0.04565502700737112,
        "q16": 0.03334979460408851,
        "q84": 0.15899701626697246,
        "q90": 0.1896370345355164,
        "compatible_w_zero": false,
        "mode_to_q16": 0.012305232403282608,
        "mode_to_q84": 0.11334198925960134
      },
      "609M2cat3_over_609M2all_e2": {
        "energy1": 609,
        "energy2": 609,
        "isotope1": "Bi214_609",
        "isotope2": "Bi214_609",
        "int_den": 18.168082623775284,
        "int_num": 26.382498371269104,
        "num_div_den": 0.5837894199604191,
        "q16": 0.4564643129182044,
        "q84": 0.9383229600942179,
        "q90": 1.0376197169660302,
        "compatible_w_zero": false,
        "mode_to_q16": 0.12732510704221472,
        "mode_to_q84": 0.3545335401337988
      },
      "2615M2cat1_over_2615M2all_e1": {
        "energy1": 2615,
        "energy2": 2615,
        "isotope1": "Tl208_2614",
        "isotope2": "Tl208_2614",
        "int_den": 19.38452594978899,
        "int_num": 81.82176216170126,
        "num_div_den": 0.2137077591166706,
        "q16": 0.1708449379353111,
        "q84": 0.337018387134033,
        "q90": 0.36913103338423753,
        "compatible_w_zero": false,
        "mode_to_q16": 0.04286282118135948,
        "mode_to_q84": 0.1233106280173624
      },
      "2615M2cat2_over_2615M2all_e1": {
        "energy1": 2615,
        "energy2": 2615,
        "isotope1": "Tl208_2614",
        "isotope2": "Tl208_2614",
        "int_den": 2.0232426721056815,
        "int_num": 81.82176216170126,
        "num_div_den": 0.02158267419310646,
        "q16": 0.01828309118707098,
        "q84": 0.07907150374510656,
        "q90": 0.09371454819873576,
        "compatible_w_zero": false,
        "mode_to_q16": 0.0032995830060354794,
        "mode_to_q84": 0.057488829552000104
      },
      "2615M2cat3_over_2615M2all_e1": {
        "energy1": 2615,
        "energy2": 2615,
        "isotope1": "Tl208_2614",
        "isotope2": "Tl208_2614",
        "int_den": 60.41399353980659,
        "int_num": 81.82176216170126,
        "num_div_den": 0.6508578869886026,
        "q16": 0.5539426355239934,
        "q84": 0.8875504078654106,
        "q90": 0.9489948816112915,
        "compatible_w_zero": false,
        "mode_to_q16": 0.09691525146460922,
        "mode_to_q84": 0.23669252087680803
      }
    }
  }
}
