{
  "All": {
    "raw": {
      "3126M1_over_2615M1": {
        "energy1": 3126,
        "energy2": 2615,
        "isotope1": "Tl208_2614_511",
        "isotope2": "Tl208_2614",
        "int_1": 5.426098108483611,
        "int_2": 297.0853748702928,
        "1_div_2": 0.01775318217314547,
        "q16": 0.010669743683098141,
        "q84": 0.03668220741419444,
        "q90": 0.0420748009532974,
        "compatible_w_zero": false,
        "mode_to_q16": 0.007083438490047328,
        "mode_to_q84": 0.018929025241048968
      },
      "3198M1_over_2615M1": {
        "energy1": 3198,
        "energy2": 2615,
        "isotope1": "Tl208_2614_583",
        "isotope2": "Tl208_2614",
        "int_1": 1.5284492196478314,
        "int_2": 297.0853748702928,
        "1_div_2": 0.004176531706306939,
        "q16": 0.004588164407910884,
        "q84": 0.024142786996288277,
        "q90": 0.028749539435393122,
        "compatible_w_zero": true,
        "mode_to_q16": -0.0004116327016039454,
        "mode_to_q84": 0.01996625528998134
      },
      "3126M1_plus_3198M1_over_2615M1": {
        "energy1": 3126,
        "energy2": 3198,
        "energy3": 2615,
        "isotope1": "Tl208_2614_511",
        "isotope2": "Tl208_2614_583",
        "isotope3": "Tl208_2614",
        "int_1": 5.426098108483611,
        "int_2": 1.5284492196478314,
        "int_3": 297.0853748702928,
        "1_plus_2_div_3": 0.02745998751502039,
        "q16": 0.021143096458138097,
        "q84": 0.05471609338547694,
        "q90": 0.06133938928814155,
        "compatible_w_zero": false,
        "mode_to_q16": 0.006316891056882292,
        "mode_to_q84": 0.027256105870456553
      }
    }
  }
}