{
  "All": {
    "raw": {
      "2615M2sum_over_2615M1": {
        "energy1": 2615,
        "energy2": 2615,
        "isotope1": "Tl208_2614",
        "isotope2": "Tl208_2614",
        "int_m1": 297.0853748702928,
        "int_m2": 26.429146953223608,
        "m2_div_m1": 0.09215886389072261,
        "q16": 0.0683260870645557,
        "q84": 0.1244429385729933,
        "q90": 0.13425485871405796,
        "compatible_w_zero": false,
        "mode_to_q16": 0.023832776826166913,
        "mode_to_q84": 0.03228407468227068
      },
      "2615M2E1_over_2615M1": {
        "energy1": 2615,
        "energy2": 2615,
        "isotope1": "Tl208_2614",
        "isotope2": "Tl208_2614",
        "int_m1": 297.0853748702928,
        "int_m2": 75.06954890653104,
        "m2_div_m1": 0.24211689375584305,
        "q16": 0.21451796205905452,
        "q84": 0.30860529086661515,
        "q90": 0.32456604656181054,
        "compatible_w_zero": false,
        "mode_to_q16": 0.027598931696788537,
        "mode_to_q84": 0.06648839711077209
      },
      "583M2E1_over_2615M1": {
        "energy1": 2615,
        "energy2": 583,
        "isotope1": "Tl208_2614",
        "isotope2": "Tl208_583",
        "int_m1": 297.0853748702928,
        "int_m2": 61.10423972374207,
        "m2_div_m1": 0.2015606774730892,
        "q16": 0.17189698547303092,
        "q84": 0.2505481586423631,
        "q90": 0.2635420206709959,
        "compatible_w_zero": false,
        "mode_to_q16": 0.029663692000058278,
        "mode_to_q84": 0.04898748116927387
      },
      "583M2E2_over_2615M1": {
        "energy1": 2615,
        "energy2": 583,
        "isotope1": "Tl208_2614",
        "isotope2": "Tl208_583",
        "int_m1": 297.0853748702928,
        "int_m2": 42.40048107035875,
        "m2_div_m1": 0.14101210743144343,
        "q16": 0.11327256647871689,
        "q84": 0.17774250400799319,
        "q90": 0.1882304286637935,
        "compatible_w_zero": false,
        "mode_to_q16": 0.027739540952726544,
        "mode_to_q84": 0.03673039657654975
      },
      "1764M2sum_over_1764M1": {
        "energy1": 1764,
        "energy2": 1764,
        "isotope1": "Bi214_1764",
        "isotope2": "Bi214_1764",
        "int_m1": 170.9774365304991,
        "int_m2": 11.2119669991436,
        "m2_div_m1": 0.0614861473853867,
        "q16": 0.045406291744044605,
        "q84": 0.09712219850580334,
        "q90": 0.10629988665053797,
        "compatible_w_zero": false,
        "mode_to_q16": 0.016079855641342095,
        "mode_to_q84": 0.03563605112041664
      },
      "609M2E1_over_1764M1": {
        "energy1": 1764,
        "energy2": 609,
        "isotope1": "Bi214_1764",
        "isotope2": "Bi214_609",
        "int_m1": 170.9774365304991,
        "int_m2": 69.86528139509394,
        "m2_div_m1": 0.4153824689263845,
        "q16": 0.3477586885882965,
        "q84": 0.5026466283087843,
        "q90": 0.5275838110552732,
        "compatible_w_zero": false,
        "mode_to_q16": 0.06762378033808797,
        "mode_to_q84": 0.08726415938239979
      },
      "609M2E2_over_1764M1": {
        "energy1": 1764,
        "energy2": 609,
        "isotope1": "Bi214_1764",
        "isotope2": "Bi214_609",
        "int_m1": 170.9774365304991,
        "int_m2": 21.19285187426353,
        "m2_div_m1": 0.12407281866557068,
        "q16": 0.09714663817240855,
        "q84": 0.1772842105886186,
        "q90": 0.19088071873059884,
        "compatible_w_zero": false,
        "mode_to_q16": 0.02692618049316213,
        "mode_to_q84": 0.05321139192304791
      }
    }
  }
}