{
  "ICPC": {
    "raw": {
      "609_to_1764": {
        "energy1": 609.3,
        "energy2": 1764.5,
        "isotope1": "Bi214_609",
        "isotope2": "Bi214_1764",
        "int1": 256.50769661922993,
        "int2": 119.64915187260958,
        "int1_div_int2": 2.0752248690028336,
        "q16": 1.8632640979390882,
        "q84": 2.448055382010423,
        "mode_to_q16": 0.21196077106374545,
        "mode_to_q84": 0.3728305130075893
      },
      "583_to_2614": {
        "energy1": 583.2,
        "energy2": 2614.5,
        "isotope1": "Tl208_583",
        "isotope2": "Tl208_2614",
        "int1": 228.30733965341247,
        "int2": 212.18376453266663,
        "int1_div_int2": 1.0582393310205402,
        "q16": 0.9445948024484399,
        "q84": 1.2206733309003268,
        "mode_to_q16": 0.11364452857210039,
        "mode_to_q84": 0.16243399987978657
      }
    },
    "LArAC": {
      "609_to_1764": {
        "energy1": 609.3,
        "energy2": 1764.5,
        "isotope1": "Bi214_609",
        "isotope2": "Bi214_1764",
        "int1": 4.3520843890762e-08,
        "int2": 88.73282188357115,
        "int1_div_int2": 0.011636268773593606,
        "q90": 0.2462207918178652
      },
      "583_to_2614": {
        "energy1": 583.2,
        "energy2": 2614.5,
        "isotope1": "Tl208_583",
        "isotope2": "Tl208_2614",
        "int1": 2.4386057850295006e-08,
        "int2": 1.6415609722433364,
        "int1_div_int2": 0.03625402582179226,
        "q90": 10.780600020832061
      }
    },
    "LArC": {
      "609_to_1764": {
        "energy1": 609.3,
        "energy2": 1764.5,
        "isotope1": "Bi214_609",
        "isotope2": "Bi214_1764",
        "int1": 264.96421028386334,
        "int2": 31.05344599733879,
        "int1_div_int2": 7.858942934676426,
        "q16": 6.887615742682307,
        "q84": 10.436199323126027,
        "mode_to_q16": 0.9713271919941189,
        "mode_to_q84": 2.5772563884496016
      },
      "583_to_2614": {
        "energy1": 583.2,
        "energy2": 2614.5,
        "isotope1": "Tl208_583",
        "isotope2": "Tl208_2614",
        "int1": 243.66901163477954,
        "int2": 209.89695483433692,
        "int1_div_int2": 1.1330698858668338,
        "q16": 1.0418750806807955,
        "q84": 1.2923137098735373,
        "mode_to_q16": 0.09119480518603829,
        "mode_to_q84": 0.15924382400670356
      }
    }
  },
  "BEGe": {
    "raw": {
      "609_to_1764": {
        "energy1": 609.3,
        "energy2": 1764.5,
        "isotope1": "Bi214_609",
        "isotope2": "Bi214_1764",
        "int1": 55.542084929924435,
        "int2": 22.459718601451964,
        "int1_div_int2": 2.2439431555144482,
        "q16": 1.7802253192373425,
        "q84": 3.22295844072031,
        "mode_to_q16": 0.4637178362771057,
        "mode_to_q84": 0.9790152852058616
      },
      "583_to_2614": {
        "energy1": 583.2,
        "energy2": 2614.5,
        "isotope1": "Tl208_583",
        "isotope2": "Tl208_2614",
        "int1": 69.53890759184803,
        "int2": 39.856694951697044,
        "int1_div_int2": 1.6315452384114453,
        "q16": 1.364545898874469,
        "q84": 2.156574869332998,
        "mode_to_q16": 0.2669993395369763,
        "mode_to_q84": 0.5250296309215527
      }
    },
    "LArAC": {
      "609_to_1764": {
        "energy1": 609.3,
        "energy2": 1764.5,
        "isotope1": "Bi214_609",
        "isotope2": "Bi214_1764",
        "int1": 1.4445552841362894e-06,
        "int2": 17.946348825544263,
        "int1_div_int2": 0.039816938724858454,
        "q90": 0.6007837066436393
      },
      "583_to_2614": {
        "energy1": 583.2,
        "energy2": 2614.5,
        "isotope1": "Tl208_583",
        "isotope2": "Tl208_2614",
        "int1": 3.873136712493718,
        "int2": 0.9999969762539505,
        "int1_div_int2": 0.053505581193758256,
        "q90": 14.712518346261684
      }
    },
    "LArC": {
      "609_to_1764": {
        "energy1": 609.3,
        "energy2": 1764.5,
        "isotope1": "Bi214_609",
        "isotope2": "Bi214_1764",
        "int1": 56.006362882565625,
        "int2": 4.6490336510194545,
        "int1_div_int2": 8.9471338051523,
        "q16": 6.861128885456872,
        "q84": 18.07348000246317,
        "mode_to_q16": 2.0860049196954273,
        "mode_to_q84": 9.126346197310871
      },
      "583_to_2614": {
        "energy1": 583.2,
        "energy2": 2614.5,
        "isotope1": "Tl208_583",
        "isotope2": "Tl208_2614",
        "int1": 66.17829573773797,
        "int2": 38.858457302547826,
        "int1_div_int2": 1.6522678257971504,
        "q16": 1.3515399532546704,
        "q84": 2.087001775919266,
        "mode_to_q16": 0.30072787254248,
        "mode_to_q84": 0.4347339501221157
      }
    }
  },
  "COAX": {
    "raw": {
      "609_to_1764": {
        "energy1": 609.3,
        "energy2": 1764.5,
        "isotope1": "Bi214_609",
        "isotope2": "Bi214_1764",
        "int1": 45.85171456696804,
        "int2": 16.97950207640708,
        "int1_div_int2": 2.2577766860755806,
        "q16": 1.7562942823890308,
        "q84": 3.98354491932983,
        "mode_to_q16": 0.5014824036865497,
        "mode_to_q84": 1.7257682332542492
      },
      "583_to_2614": {
        "energy1": 583.2,
        "energy2": 2614.5,
        "isotope1": "Tl208_583",
        "isotope2": "Tl208_2614",
        "int1": 43.636287095952746,
        "int2": 24.482339946336285,
        "int1_div_int2": 1.6262162413326435,
        "q16": 1.1828386659682353,
        "q84": 2.4762738114191647,
        "mode_to_q16": 0.44337757536440825,
        "mode_to_q84": 0.8500575700865212
      }
    },
    "LArAC": {
      "609_to_1764": {
        "energy1": 609.3,
        "energy2": 1764.5,
        "isotope1": "Bi214_609",
        "isotope2": "Bi214_1764",
        "int1": 1.3413828533184825e-05,
        "int2": 10.189938020682316,
        "int1_div_int2": 0.23095735483325486,
        "q90": 1.8653726353864124
      },
      "583_to_2614": {
        "energy1": 583.2,
        "energy2": 2614.5,
        "isotope1": "Tl208_583",
        "isotope2": "Tl208_2614",
        "int1": 1.231030529298602,
        "int2": 1.7452946507066427,
        "int1_div_int2": 0.12413101378991105,
        "q90": 13.469475859714828
      }
    },
    "LArC": {
      "609_to_1764": {
        "energy1": 609.3,
        "energy2": 1764.5,
        "isotope1": "Bi214_609",
        "isotope2": "Bi214_1764",
        "int1": 45.144608801019444,
        "int2": 7.021292020878921,
        "int1_div_int2": 3.493389481594441,
        "q90": 12.567299689859135
      },
      "583_to_2614": {
        "energy1": 583.2,
        "energy2": 2614.5,
        "isotope1": "Tl208_583",
        "isotope2": "Tl208_2614",
        "int1": 43.09905869956785,
        "int2": 23.00000805929296,
        "int1_div_int2": 1.6176907100212785,
        "q16": 1.337934755810004,
        "q84": 2.4624216926344533,
        "mode_to_q16": 0.2797559542112744,
        "mode_to_q84": 0.8447309826131748
      }
    }
  },
  "PPC": {
    "raw": {
      "609_to_1764": {
        "energy1": 609.3,
        "energy2": 1764.5,
        "isotope1": "Bi214_609",
        "isotope2": "Bi214_1764",
        "int1": 46.575314349032126,
        "int2": 16.816820506623568,
        "int1_div_int2": 2.3416882120117966,
        "q16": 1.9640923538163817,
        "q84": 3.776807221429745,
        "mode_to_q16": 0.37759585819541486,
        "mode_to_q84": 1.4351190094179485
      },
      "583_to_2614": {
        "energy1": 583.2,
        "energy2": 2614.5,
        "isotope1": "Tl208_583",
        "isotope2": "Tl208_2614",
        "int1": 44.31470274987836,
        "int2": 28.537058484261955,
        "int1_div_int2": 1.3507002522959661,
        "q16": 1.1582166264436886,
        "q84": 2.055632692837755,
        "mode_to_q16": 0.19248362585227752,
        "mode_to_q84": 0.7049324405417887
      }
    },
    "LArAC": {
      "609_to_1764": {
        "energy1": 609.3,
        "energy2": 1764.5,