{
  "All": {
    "raw": {
      "583M2cat1_over_583M2all_e1": {
        "energy1": 583,
        "energy2": 583,
        "isotope1": "Tl208_583",
        "isotope2": "Tl208_583",
        "int_den": 1.6703023525700176,
        "int_num": 63.27782694233778,
        "num_div_den": 0.022904047297853492,
        "q16": 0.027242525049119844,
        "q84": 0.1425519998505691,
        "q90": 0.16843962919287614,
        "compatible_w_zero": true,
        "mode_to_q16": -0.0043384777512663515,
        "mode_to_q84": 0.11964795255271561
      },
      "583M2cat2_over_583M2all_e1": {
        "energy1": 583,
        "energy2": 583,
        "isotope1": "Tl208_583",
        "isotope2": "Tl208_583",
        "int_den": 3.410242095719579,
        "int_num": 63.27782694233778,
        "num_div_den": 0.047719495522293556,
        "q16": 0.02806022963884915,
        "q84": 0.09986074163291893,
        "q90": 0.11480519021922757,
        "compatible_w_zero": false,
        "mode_to_q16": 0.019659265883444407,
        "mode_to_q84": 0.05214124611062537
      },
      "583M2cat3_over_583M2all_e1": {
        "energy1": 583,
        "energy2": 583,
        "isotope1": "Tl208_583",
        "isotope2": "Tl208_583",
        "int_den": 58.19728249404819,
        "int_num": 63.27782694233778,
        "num_div_den": 0.8404301019723055,
        "q16": 0.6545615228966885,
        "q84": 0.9240159762173973,
        "q90": 0.9501272264374808,
        "compatible_w_zero": false,
        "mode_to_q16": 0.18586857907561705,
        "mode_to_q84": 0.08358587424509178
      },
      "583M2cat1_over_583M2all_e2": {
        "energy1": 583,
        "energy2": 583,
        "isotope1": "Tl208_583",
        "isotope2": "Tl208_583",
        "int_den": 12.598341752074674,
        "int_num": 37.43303776479641,
        "num_div_den": 0.29895710711265383,
        "q16": 0.22457403455742778,
        "q84": 0.5107108759904934,
        "q90": 0.5711341319856109,
        "compatible_w_zero": false,
        "mode_to_q16": 0.07438307255522605,
        "mode_to_q84": 0.21175376887783953
      },
      "583M2cat2_over_583M2all_e2": {
        "energy1": 583,
        "energy2": 583,
        "isotope1": "Tl208_583",
        "isotope2": "Tl208_583",
        "int_den": 0.7421292365559551,
        "int_num": 37.43303776479641,
        "num_div_den": 0.015617745527841549,
        "q16": 0.01482887351002501,
        "q84": 0.0799095084893424,
        "q90": 0.09664414348081038,
        "compatible_w_zero": false,
        "mode_to_q16": 0.0007888720178165394,
        "mode_to_q84": 0.06429176296150085
      },
      "583M2cat3_over_583M2all_e2": {
        "energy1": 583,
        "energy2": 583,
        "isotope1": "Tl208_583",
        "isotope2": "Tl208_583",
        "int_den": 24.09256677616578,
        "int_num": 37.43303776479641,
        "num_div_den": 0.5264706970419781,
        "q16": 0.41628588288939533,
        "q84": 0.7806213995079255,
        "q90": 0.8373101614034293,
        "compatible_w_zero": false,
        "mode_to_q16": 0.1101848141525828,
        "mode_to_q84": 0.2541507024659474
      },
      "609M2cat1_over_609M2all_e1": {
        "energy1": 609,
        "energy2": 609,
        "isotope1": "Bi214_609",
        "isotope2": "Bi214_609",
        "int_den": 19.661637559899276,
        "int_num": 76.8343747524618,
        "num_div_den": 0.24341599258092825,
        "q16": 0.17079176237021088,
        "q84": 0.3573237252166973,
        "q90": 0.39167602981707245,
        "compatible_w_zero": false,
        "mode_to_q16": 0.07262423021071737,
        "mode_to_q84": 0.11390773263576906
      },
      "609M2cat2_over_609M2all_e1": {
        "energy1": 609,
        "energy2": 609,
        "isotope1": "Bi214_609",
        "isotope2": "Bi214_609",
        "int_den": 6.816995826109084,
        "int_num": 76.8343747524618,
        "num_div_den": 0.08502989813400186,
        "q16": 0.055875499064610624,
        "q84": 0.13785264322687601,
        "q90": 0.15335407819176655,
        "compatible_w_zero": false,
        "mode_to_q16": 0.029154399069391233,
        "mode_to_q84": 0.05282274509287416
      },
      "609M2cat3_over_609M2all_e1": {
        "energy1": 609,
        "energy2": 609,
        "isotope1": "Bi214_609",
        "isotope2": "Bi214_609",
        "int_den": 50.35574136645343,
        "int_num": 76.8343747524618,
        "num_div_den": 0.6203032106549669,
        "q16": 0.5110559512578089,
        "q84": 0.7916875596107779,
        "q90": 0.8375579486063376,
        "compatible_w_zero": false,
        "mode_to_q16": 0.10924725939715796,
        "mode_to_q84": 0.171384348955811
      },
      "609M2cat1_over_609M2all_e2": {
        "energy1": 609,
        "energy2": 609,
        "isotope1": "Bi214_609",
        "isotope2": "Bi214_609",
        "int_den": 6.328738870179389,
        "int_num": 26.382498371269104,
        "num_div_den": 0.1768666839602058,
        "q16": 0.11668262631334411,
        "q84": 0.3986235062702355,
        "q90": 0.4580372084589066,
        "compatible_w_zero": false,
        "mode_to_q16": 0.06018405764686169,
        "mode_to_q84": 0.22175682231002972
      },
      "609M2cat2_over_609M2all_e2": {
        "energy1": 609,
        "energy2": 609,
        "isotope1": "Bi214_609",
        "isotope2": "Bi214_609",
        "int_den": 1.885676877314432,
        "int_num": 26.382498371269104,
        "num_div_den": 0.04325925867239083,
        "q16": 0.033213626027356946,
        "q84": 0.15970637783121847,
        "q90": 0.18979955213182692,
        "compatible_w_zero": false,
        "mode_to_q16": 0.010045632645033886,
        "mode_to_q84": 0.11644711915882763
      },
      "609M2cat3_over_609M2all_e2": {
        "energy1": 609,
        "energy2": 609,
        "isotope1": "Bi214_609",
        "isotope2": "Bi214_609",
        "int_den": 18.168082623775284,
        "int_num": 26.382498371269104,
        "num_div_den": 0.590395011951987,
        "q16": 0.4438016386106072,
        "q84": 0.8278461650547644,
        "q90": 0.8797904478468714,
        "compatible_w_zero": false,
        "mode_to_q16": 0.14659337334137978,
        "mode_to_q84": 0.23745115310277742
      },
      "2615M2cat1_over_2615M2all_e1": {
        "energy1": 2615,
        "energy2": 2615,
        "isotope1": "Tl208_2614",
        "isotope2": "Tl208_2614",
        "int_den": 19.38452594978899,
        "int_num": 81.82176216170126,
        "num_div_den": 0.2218798743867239,
        "q16": 0.17158860627583797,
        "q84": 0.3359029049333607,
        "q90": 0.3676152595700719,
        "compatible_w_zero": false,
        "mode_to_q16": 0.05029126811088594,
        "mode_to_q84": 0.11402303054663682
      },
      "2615M2cat2_over_2615M2all_e1": {
        "energy1": 2615,
        "energy2": 2615,
        "isotope1": "Tl208_2614",
        "isotope2": "Tl208_2614",
        "int_den": 2.0232426721056815,
        "int_num": 81.82176216170126,
        "num_div_den": 0.023766939585499813,
        "q16": 0.018241282978481696,
        "q84": 0.07951068002883112,
        "q90": 0.09451990011859913,
        "compatible_w_zero": false,
        "mode_to_q16": 0.005525656607018117,
        "mode_to_q84": 0.0557437404433313
      },
      "2615M2cat3_over_2615M2all_e1": {
        "energy1": 2615,
        "energy2": 2615,
        "isotope1": "Tl208_2614",
        "isotope2": "Tl208_2614",
        "int_den": 60.41399353980659,
        "int_num": 81.82176216170126,
        "num_div_den": 0.6685077654133085,
        "q16": 0.5477811620789659,
        "q84": 0.8444156932231689,
        "q90": 0.8871527022786374,
        "compatible_w_zero": false,
        "mode_to_q16": 0.1207266033343426,
        "mode_to_q84": 0.17590792780986042
      }
    }
  }
}
