{
  "All": {
    "raw": {
      "1378_to_1764": {
        "energy1": "1378",
        "energy2": "1764",
        "isotope1": "Bi_214",
        "isotope2": "Bi_214",
        "int1": 72.13248747077276,
        "int2": 170.9774365304991,
        "int1_div_int2": 0.3985681592901078,
        "q16": 0.3197211733587264,
        "q84": 0.5340892591762241,
        "q90": 0.5340892591762241,
        "mode_to_q16": 0.0788469859313814,
        "mode_to_q84": 0.13552109988611627
      },
      "1730_to_1764": {
        "energy1": "1730",
        "energy2": "1764",
        "isotope1": "Bi_214",
        "isotope2": "Bi_214",
        "int1": 31.955653873633658,
        "int2": 170.9774365304991,
        "int1_div_int2": 0.1819113631397296,
        "q16": 0.14753537273459158,
        "q84": 0.23718732550971564,
        "q90": 0.23718732550971564,
        "mode_to_q16": 0.03437599040513803,
        "mode_to_q84": 0.055275962369986026
      },
      "2017_to_1764": {
        "energy1": "2017",
        "energy2": "1764",
        "isotope1": "Bi_214",
        "isotope2": "Bi_214",
        "int1": 1.8118476148405585,
        "int2": 170.9774365304991,
        "int1_div_int2": 0.010884443473104358,
        "q16": 0.012750112327098476,
        "q84": 0.06572063020635206,
        "q90": 0.06572063020635206,
        "mode_to_q16": -0.0018656688539941176,
        "mode_to_q84": 0.05483618673324771
      },
      "1275_to_1764": {
        "energy1": "1275",
        "energy2": "1764",
        "isotope1": "Bi_214",
        "isotope2": "Bi_214",
        "int1": 14.969793823880094,
        "int2": 170.9774365304991,
        "int1_div_int2": 0.09130305294694686,
        "q16": 0.05885569025373993,
        "q84": 0.2730103882160721,
        "q90": 0.2730103882160721,
        "mode_to_q16": 0.03244736269320694,
        "mode_to_q84": 0.18170733526912525
      },
      "1416_to_1764": {
        "energy1": "1416",
        "energy2": "1764",
        "isotope1": "Bi_214",
        "isotope2": "Bi_214",
        "int1": 1.1667676748751687,
        "int2": 170.9774365304991,
        "int1_div_int2": 0.02771159466206026,
        "q16": 0.024271620006201505,
        "q84": 0.11858160571936566,
        "q90": 0.11858160571936566,
        "mode_to_q16": 0.0034399746558587546,
        "mode_to_q84": 0.0908700110573054
      }
    }
  }
}