{
  "All": {
    "raw": {
      "3126M2sum_over_2615M1": {
        "energy1": 3126,
        "energy2": 2615,
        "isotope1": "Tl208_2614_511",
        "isotope2": "Tl208_2614",
        "int_1": 1.5235606164319568,
        "int_2": 297.0853748702928,
        "1_div_2": 0.0039645514335402594,
        "q16": 0.004053944087934669,
        "q84": 0.020650626469858303,
        "q90": 0.024663187065160106,
        "compatible_w_zero": true,
        "mode_to_q16": -8.939265439440996e-05,
        "mode_to_q84": 0.016686075036318044
      },
      "3198M2sum_over_2615M1": {
        "energy1": 3198,
        "energy2": 2615,
        "isotope1": "Tl208_2614_583",
        "isotope2": "Tl208_2614",
        "int_1": 10.930356863146873,
        "int_2": 297.0853748702928,
        "1_div_2": 0.03029747753979045,
        "q16": 0.019726142972215283,
        "q84": 0.05569598651824095,
        "q90": 0.062463589301571205,
        "compatible_w_zero": false,
        "mode_to_q16": 0.010571334567575169,
        "mode_to_q84": 0.0253985089784505
      },
      "3126M2sum_plus_3198M2sum_over_2615M1": {
        "energy1": 3126,
        "energy2": 3198,
        "energy3": 2615,
        "isotope1": "Tl208_2614_511",
        "isotope2": "Tl208_2614_583",
        "isotope3": "Tl208_2614",
        "int_1": 1.5235606164319568,
        "int_2": 10.930356863146873,
        "int_3": 297.0853748702928,
        "1_plus_2_div_3": 0.042207141179805716,
        "q16": 0.02970054156865882,
        "q84": 0.07038602846758411,
        "q90": 0.07784146055656832,
        "compatible_w_zero": false,
        "mode_to_q16": 0.012506599611146897,
        "mode_to_q84": 0.028178887287778398
      }
    }
  }
}