{
    "COAX": {
        "a": 14.277563121607848,
        "b": 0.0025726316971757673,
        "a_sigma": 0.2551505753896901,
        "b_sigma": 0.00014667628868420064
    },
    "BEGe": {
        "a": 0.6217110879354026,
        "b": 0.0018581505525199517,
        "a_sigma": 0.027680475204506498,
        "b_sigma": 2.7833244638562344e-05
    },
    "ICPC": {
        "a": 2.1349094367659176,
        "b": 0.002392135104208925,
        "a_sigma": 0.05525654008820897,
        "b_sigma": 3.845720653060763e-05
    },
    "PPC": {
        "a": 0.434656322190899,
        "b": 0.0027171540207591985,
        "a_sigma": 0.04814987400283142,
        "b_sigma": 5.609330572431696e-05
    },
    "All": {
        "a": 3.20895655081381,
        "b": 0.002373530296968731,
        "a_sigma": 0.07488723665017691,
        "b_sigma": 5.210623475816003e-05
    },
    "string1": {
        "a": 1.923594471757801,
        "b": 0.002280175605741683,
        "a_sigma": 0.07245943468265136,
        "b_sigma": 4.938792467338769e-05
    },
    "string2": {
        "a": 10.57782667457029,
        "b": 0.0025818955830483343,
        "a_sigma": 0.20545662780021423,
        "b_sigma": 0.00012454560370018521
    },
    "string3": {
        "a": 0.23218978960799228,
        "b": 0.0024273404989847446,
        "a_sigma": 0.04277709748403573,
        "b_sigma": 4.9128430492137524e-05
    },
    "string4": {
        "a": 0.4841894347199765,
        "b": 0.0019463111649185183,
        "a_sigma": 0.0267298813513019,
        "b_sigma": 2.741238060645529e-05
    },
    "string5": {
        "a": 4.809523903847335,
        "b": 0.0024570834591599116,
        "a_sigma": 0.060219872544559544,
        "b_sigma": 4.042201113910336e-05
    },
    "string7": {
        "a": 1.4658837452044338,
        "b": 0.002338854164324794,
        "a_sigma": 0.038248989436306564,
        "b_sigma": 3.16317968407195e-05
    },
    "string8": {
        "a": 3.2468024248581813,
        "b": 0.0021506221330159373,
        "a_sigma": 0.06518522851147117,
        "b_sigma": 3.751633111362926e-05
    },
    "string9": {
        "a": 0.8229065824744608,
        "b": 0.0024836506159112877,
        "a_sigma": 0.049393374695401955,
        "b_sigma": 4.7779141184463335e-05
    },
    "string10": {
        "a": 1.2372787224662063,
        "b": 0.0024569376953563057,
        "a_sigma": 0.052088241848257937,
        "b_sigma": 3.4501139858753255e-05
    },
    "string11": {
        "a": 0.48519266507011777,
        "b": 0.0024865036969030307,
        "a_sigma": 0.04020059484222895,
        "b_sigma": 5.3616643591777165e-05
    },
    "top": {
        "a": 1.048851493075057,
        "b": 0.001899523750857926,
        "a_sigma": 0.02820432795739574,
        "b_sigma": 2.559929654109146e-05
    },
    "mid_top": {
        "a": 6.601268919271973,
        "b": 0.0022188550883307503,
        "a_sigma": 0.11777287596589799,
        "b_sigma": 7.31027410324115e-05
    },
    "mid": {
        "a": 2.7073249748316277,
        "b": 0.002358002182908931,
        "a_sigma": 0.06098839810115829,
        "b_sigma": 4.470778318067027e-05
    },
    "mid_bottom": {
        "a": 3.7148809169497206,
        "b": 0.002555840972346281,
        "a_sigma": 0.08845618924710413,
        "b_sigma": 6.227876659718096e-05
    },
    "bottom": {
        "a": 1.5204332910181892,
        "b": 0.002538544150496487,
        "a_sigma": 0.06355355291267589,
        "b_sigma": 4.4671144025185895e-05
    },
    "V07302A": {
        "a": 1.228122770591122,
        "b": 0.001821909223484413,
        "a_sigma": 0.013214121896932262,
        "b_sigma": 1.1558815903708575e-05
    },
    "B00002A": {
        "a": 1.6573793109081318,
        "b": 0.001855820455434452,
        "a_sigma": 0.04150987599339199,
        "b_sigma": 3.8235717438366666e-05
    },
    "B00089A": {
        "a": 0.90268327766362,
        "b": 0.001769476613015401,
        "a_sigma": 0.03057944878527309,
        "b_sigma": 3.032555875531054e-05
    },
    "B00091A": {
        "a": 1.0274723066871843,
        "b": 0.0018116563155560288,
        "a_sigma": 0.03319899591201457,
        "b_sigma": 2.9402077729203974e-05
    },
    "P00538A": {
        "a": 0.8968737855645827,
        "b": 0.00278930148607974,
        "a_sigma": 0.047710103369178206,
        "b_sigma": 3.857863909029228e-05
    },
    "P00573A": {
        "a": 0.7311665530674717,
        "b": 0.0023250886291273894,
        "a_sigma": 0.0602910045072427,
        "b_sigma": 5.5734576263101594e-05
    },
    "P00661C": {
        "a": 0.7256412485233611,
        "b": 0.004271674415268463,
        "a_sigma": 0.09129422620281374,
        "b_sigma": 0.00010711494252350535
    },
    "P00662C": {
        "a": 0.4005436709455708,
        "b": 0.002192368533792514,
        "a_sigma": 0.03406035318778859,
        "b_sigma": 4.0312294617279916e-05
    },
    "P00664A": {
        "a": 0.8011376522511289,
        "b": 0.003043651461243468,
        "a_sigma": 0.05413745512312025,
        "b_sigma": 5.42663049113196e-05
    },
    "P00909B": {
        "a": 0.22911527719544347,
        "b": 0.002596878852238374,
        "a_sigma": 0.03608525711777854,
        "b_sigma": 3.545450330719045e-05
    },
    "B00091B": {
        "a": 1.4619706191889805,
        "b": 0.0018943835381702507,
        "a_sigma": 0.0727890113539516,
        "b_sigma": 5.8362044046845545e-05
    },
    "B00000D": {
        "a": 0.8874002500783714,
        "b": 0.0017946002798926916,
        "a_sigma": 0.016367956955897156,
        "b_sigma": 1.5470204702851945e-05
    },
    "B00002C": {
        "a": 0.5085727031091861,
        "b": 0.001831717669518162,
        "a_sigma": 0.017724807821759916,
        "b_sigma": 1.9937755110800608e-05
    },
    "B00032C": {
        "a": 0.49946479730467236,
        "b": 0.0018520059621724057,
        "a_sigma": 0.020745896049571,
        "b_sigma": 2.016179870123848e-05
    },
    "B00032D": {
        "a": 0.43368926134977037,
        "b": 0.0018149481234267318,
        "a_sigma": 0.018700643791597325,
        "b_sigma": 1.9101919276541522e-05
    },
    "B00035A": {
        "a": 0.5713922569411669,
        "b": 0.0017944445850667406,
        "a_sigma": 0.0210148645925372,
        "b_sigma": 1.8547270487670646e-05
    },
    "B00035B": {
        "a": 1.0246911200541446,
        "b": 0.0018729352172526185,
        "a_sigma": 0.015955100729308395,
        "b_sigma": 1.64594621625633e-05
    },
    "B00061B": {
        "a": 0.4488260390162816,
        "b": 0.0019287706611730577,
        "a_sigma": 0.027837592385535837,
        "b_sigma": 2.5365496478180106e-05
    },
    "B00089B": {
        "a": 0.44735908892111853,
        "b": 0.001756845577152642,
        "a_sigma": 0.05216374782629864,
        "b_sigma": 4.473159502457931e-05
    },
    "V00048A": {
        "a": 0.9836421221362527,
        "b": 0.0018362739914699402,
        "a_sigma": 0.0795970527610353,
        "b_sigma": 3.492268584756737e-05
    },
    "V01240A": {
        "a": 1.2654201853459008,
        "b": 0.0021849020648629833,
        "a_sigma": 0.030711908031646064,
        "b_sigma": 2.456617387736512e-05
    },
    "V01389A": {
        "a": 1.2783252654025985,
        "b": 0.002961991758337845,
        "a_sigma": 0.07567763407169278,
        "b_sigma": 5.5720587058359656e-05
    },
    "V05267A": {
        "a": 1.7655153618813442,
        "b": 0.003821267896269052,
        "a_sigma": 0.08024434712240834,
        "b_sigma": 5.066471226641108e-05
    },
    "V05612B": {
        "a": 2.615744503278925,
        "b": 0.0032642944771345012,
        "a_sigma": 0.08291665229131723,
        "b_sigma": 4.753758374454196e-05
    },
    "B00000A": {
        "a": 0.5639307272048264,
        "b": 0.0017255253544269534,
        "a_sigma": 0.027561706084458563,
        "b_sigma": 3.030738402981632e-05
    },
    "B00002B": {
        "a": 0.5827882320158485,
        "b": 0.0017242601810715055,
        "a_sigma": 0.02488419399714503,
        "b_sigma": 2.6740005195841585e-05
    },