{
 "M2": {
  "a": 3.57813713968104,
  "b": 0.0023587316837888036
 }
}